id,model,ratio,arm,machine,question,visible_prompt_excerpt_near_answer
r1bw_000_evo-x2_qwen3-14b_art_01,qwen3-14b,0.4,arm3_self_report,evo-x2,"What is the listen_port configured for the invoice-relay service?

Respond with ONLY the final answer. No explanation, no units, no punctuation.",[artifact fully truncated -- not visible to the model]
r1bw_001_evo-x2_qwen3-32b_art_01,qwen3-32b,0.98,arm3_self_report,evo-x2,"What is the listen_port configured for the invoice-relay service?

Respond with ONLY the final answer. No explanation, no units, no punctuation.",[artifact fully truncated -- not visible to the model]
r1bw_002_evo-x2_qwen3-4b-2507_art_07,qwen3-4b-2507,0.4,arm3_self_report,evo-x2,"Which version number patched CVE-2024-51022? Give only the version number in X.Y.Z format, no other text.

Respond with ONLY the final answer. No explanation, no units, no punctuation.",[artifact fully truncated -- not visible to the model]
r1bw_003_evo-t2s_qwen3-14b_art_08,qwen3-14b,0.4,arm3_self_report,evo-t2s,"What is the SKU number of the discontinued Molex-to-SATA adapter?

Respond with ONLY the final answer. No explanation, no units, no punctuation.",[artifact fully truncated -- not visible to the model]
r1bw_004_evo-x2_llama-3.3-70b_art_04,llama-3.3-70b,0.4,arm1_baseline,evo-x2,"What action did user tcosta perform at 14:02?

Respond with ONLY the final answer. No explanation, no units, no punctuation.",[artifact fully truncated -- not visible to the model]
r1bw_005_evo-x2_llama-3.3-70b_art_02,llama-3.3-70b,0.98,arm1_baseline,evo-x2,"What is the alert_threshold_ppb for unit CHROM-7?

Respond with ONLY the final answer. No explanation, no units, no punctuation.",[artifact fully truncated -- not visible to the model]
r1bw_006_evo-t2s_qwen3-8b_art_05,qwen3-8b,0.4,arm3_self_report,evo-t2s,What grid reference coordinates were recorded for the sediment core extraction? Include both the N and W values.,[artifact fully truncated -- not visible to the model]
r1bw_007_evo-x2_qwen3-14b_art_04,qwen3-14b,0.4,arm1_baseline,evo-x2,"What action did user tcosta perform at 14:02?

Respond with ONLY the final answer. No explanation, no units, no punctuation.",[artifact fully truncated -- not visible to the model]
r1bw_008_evo-t2s_qwen3-8b_art_09,qwen3-8b,0.85,arm3_self_report,evo-t2s,"What is the keepalive_timeout_s configured in this manifest?

Respond with ONLY the integer value.",[artifact fully truncated -- not visible to the model]
r1bw_009_evo-x2_qwen3-8b_art_08,qwen3-8b,0.85,arm1_baseline,evo-x2,"What is the SKU number of the discontinued Molex-to-SATA adapter?

Respond with ONLY the final answer. No explanation, no units, no punctuation.",[artifact fully truncated -- not visible to the model]
r1bw_010_evo-x2_qwen3-4b-2507_art_03,qwen3-4b-2507,0.85,arm3_self_report,evo-x2,"What is the CPU_HOURS value for job J-10894?

Respond with ONLY the final answer. No explanation, no units, no punctuation.",[artifact fully truncated -- not visible to the model]
r1bw_011_evo-t2s_qwen3-14b_art_01,qwen3-14b,0.98,arm3_self_report,evo-t2s,"What is the listen_port configured for the invoice-relay service?

Respond with ONLY the final answer. No explanation, no units, no punctuation.",[artifact fully truncated -- not visible to the model]
r1bw_012_evo-x2_qwen3-8b_art_04,qwen3-8b,0.98,arm3_self_report,evo-x2,"What action did user tcosta perform at 14:02?

Respond with ONLY the final answer. No explanation, no units, no punctuation.",[artifact fully truncated -- not visible to the model]
r1bw_013_evo-x2_llama-3.3-70b_art_01,llama-3.3-70b,0.85,arm3_self_report,evo-x2,"What is the listen_port configured for the invoice-relay service?

Respond with ONLY the final answer. No explanation, no units, no punctuation.",[artifact fully truncated -- not visible to the model]
r1bw_014_evo-x2_qwen3-4b-2507_art_01,qwen3-4b-2507,0.98,arm1_baseline,evo-x2,"What is the listen_port configured for the invoice-relay service?

Respond with ONLY the final answer. No explanation, no units, no punctuation.",[artifact fully truncated -- not visible to the model]
r1bw_015_evo-x2_qwen3-32b_art_09,qwen3-32b,0.4,arm3_self_report,evo-x2,"What is the keepalive_timeout_s configured in this manifest?

Respond with ONLY the integer value.",[artifact fully truncated -- not visible to the model]
r1bw_016_evo-x2_llama-3.3-70b_art_03,llama-3.3-70b,0.4,arm3_self_report,evo-x2,"What is the CPU_HOURS value for job J-10894?

Respond with ONLY the final answer. No explanation, no units, no punctuation.",[artifact fully truncated -- not visible to the model]
r1bw_017_evo-x2_llama31-8b_art_07,llama31-8b,0.98,arm3_self_report,evo-x2,"Which version number patched CVE-2024-51022? Give only the version number in X.Y.Z format, no other text.

Respond with ONLY the final answer. No explanation, no units, no punctuation.","n return

Version 3.11.8 (2024-11-18)
  - Added connection pool eviction for idle connections exceeding 300 seconds
  - Corrected UTC offset handling for timestamps in Oracle time zones"
r1bw_018_evo-t2s_qwen3-14b_art_02,qwen3-14b,0.98,arm1_baseline,evo-t2s,"What is the alert_threshold_ppb for unit CHROM-7?

Respond with ONLY the final answer. No explanation, no units, no punctuation.",[artifact fully truncated -- not visible to the model]
r1bw_019_evo-x2_qwen3-4b-2507_art_08,qwen3-4b-2507,0.98,arm3_self_report,evo-x2,"What is the SKU number of the discontinued Molex-to-SATA adapter?

Respond with ONLY the final answer. No explanation, no units, no punctuation.","-----|---------------|
| PN-38847 | 4-pin PWM splitter, 90 cm cable    | Apr 17        |
| PN-38901 | Molex-to-SATA adapter, legacy type | Mar 28        |

Threshold updates for active SKUs:
  PN-40022 (thermal compound): reorder threshold 50 → 75 units
  PN-40055 (fan tray, 120mm): reorder threshold 30 → 45 units"
r1bw_020_evo-t2s_qwen3-8b_art_01,qwen3-8b,1.2,arm3_self_report,evo-t2s,"What is the listen_port configured for the invoice-relay service?

Respond with ONLY the final answer. No explanation, no units, no punctuation.","Using only the configuration below, answer the question.

[CONFIG: service=invoice-relay v2.4]
{
  ""listen_port"": 51847,
  ""max_payload_kb"": 192,
  ""auth_scheme"": ""HMAC-SHA3"",
  ""flush_interval_ms"": 2350,
  ""retry_backoff_base_ms"": 750,
  ""circuit_breaker_threshold"": 12
}"
r1bw_021_evo-t2s_qwen3-14b_art_04,qwen3-14b,1.2,arm3_self_report,evo-t2s,"What action did user tcosta perform at 14:02?

Respond with ONLY the final answer. No explanation, no units, no punctuation.","Using only the access record below, answer the question.

[ACCESS RECORD: system=payroll-v3, date=2025-03-08]
08:14  LOGIN   mverdi
08:15  QUERY   mverdi
09:02  LOGIN   tcosta
09:17  EXPORT  mverdi
10:31  LOGIN   hpatel
10:33  QUERY   tcosta
11:45  LOGIN   mverdi
14:02  DELETE  tcosta"
r1bw_022_evo-x2_llama31-8b_art_05,llama31-8b,0.85,arm1_baseline,evo-x2,What grid reference coordinates were recorded for the sediment core extraction? Include both the N and W values.,[artifact fully truncated -- not visible to the model]
r1bw_023_evo-x2_qwen3-14b_art_07,qwen3-14b,1.2,arm3_self_report,evo-x2,"Which version number patched CVE-2024-51022? Give only the version number in X.Y.Z format, no other text.

Respond with ONLY the final answer. No explanation, no units, no punctuation.","Using only the release notes below, answer the question.

[RELEASE NOTES — Ferrite ORM]

Version 3.12.0 (2025-01-30)
  - Added support for nullable composite foreign keys (GH-8841)
  - Bulk insert now respects on_conflict=REPLACE for SQLite targets
  - Fixed incorrect OFFSET behaviour when combined with GROUP BY on MySQL 8.4+

Version 3.11.9 (2024-12-05)
  - Patched CVE-2024-51022: stack overflow in schema diff with cyclic references
  - Cursor iteration no longer holds an open transaction on connection return

Version 3.11.8 (2024-11-18)
  - Added connection pool eviction for idle connections exceeding 300 seconds
  - Corrected UTC offset handling for timestamps in Oracle time zones"
r1bw_024_evo-x2_qwen3-14b_art_06,qwen3-14b,0.98,arm3_self_report,evo-x2,"Who seconded the motion to retire the DELPHI-2 indexing service? Give the last name only.

Respond with ONLY the final answer. No explanation, no units, no punctuation.",")

Item 4: Reallocate $47,500 from hardware reserves to on-call staffing.
  Motion: S. Nakagawa. Second: R. Mäkinen.
  Votes — Okonkwo: yes  Nakagawa: yes  Herrera: no  Mäkinen: yes  Blum: no
  Outcome: PASSED (3 yes / 2 no)"
r1bw_025_evo-x2_llama31-8b_art_07,llama31-8b,0.4,arm1_baseline,evo-x2,"Which version number patched CVE-2024-51022? Give only the version number in X.Y.Z format, no other text.

Respond with ONLY the final answer. No explanation, no units, no punctuation.",[artifact fully truncated -- not visible to the model]
r1bw_026_evo-t2s_qwen3-14b_art_02,qwen3-14b,0.85,arm1_baseline,evo-t2s,"What is the alert_threshold_ppb for unit CHROM-7?

Respond with ONLY the final answer. No explanation, no units, no punctuation.",[artifact fully truncated -- not visible to the model]
r1bw_027_evo-x2_qwen3-8b_art_03,qwen3-8b,1.2,arm3_self_report,evo-x2,"What is the CPU_HOURS value for job J-10894?

Respond with ONLY the final answer. No explanation, no units, no punctuation.","Using only the job summary table below, answer the question.

[JOB SUMMARY: facility=KILO-3, period=2025-Q1]
JOB-ID  | STATUS   | CPU_HOURS | QUEUE
J-10891 | complete | 14.2      | fast
J-10892 | failed   | 0.3       | fast
J-10893 | complete | 27.1      | normal
J-10894 | complete | 8.9       | priority
J-10895 | failed   | 0.1       | normal
J-10896 | complete | 33.6      | fast"
r1bw_028_evo-t2s_qwen3-14b_art_06,qwen3-14b,0.4,arm1_baseline,evo-t2s,"Who seconded the motion to retire the DELPHI-2 indexing service? Give the last name only.

Respond with ONLY the final answer. No explanation, no units, no punctuation.",[artifact fully truncated -- not visible to the model]
r1bw_029_evo-x2_qwen3-32b_art_06,qwen3-32b,0.85,arm1_baseline,evo-x2,"Who seconded the motion to retire the DELPHI-2 indexing service? Give the last name only.

Respond with ONLY the final answer. No explanation, no units, no punctuation.",[artifact fully truncated -- not visible to the model]
r1bw_030_evo-x2_qwen3-32b_art_07,qwen3-32b,1.2,arm3_self_report,evo-x2,"Which version number patched CVE-2024-51022? Give only the version number in X.Y.Z format, no other text.

Respond with ONLY the final answer. No explanation, no units, no punctuation.","Using only the release notes below, answer the question.

[RELEASE NOTES — Ferrite ORM]

Version 3.12.0 (2025-01-30)
  - Added support for nullable composite foreign keys (GH-8841)
  - Bulk insert now respects on_conflict=REPLACE for SQLite targets
  - Fixed incorrect OFFSET behaviour when combined with GROUP BY on MySQL 8.4+

Version 3.11.9 (2024-12-05)
  - Patched CVE-2024-51022: stack overflow in schema diff with cyclic references
  - Cursor iteration no longer holds an open transaction on connection return

Version 3.11.8 (2024-11-18)
  - Added connection pool eviction for idle connections exceeding 300 seconds
  - Corrected UTC offset handling for timestamps in Oracle time zones"
r1bw_031_evo-x2_qwen3-8b_art_04,qwen3-8b,0.98,arm1_baseline,evo-x2,"What action did user tcosta perform at 14:02?

Respond with ONLY the final answer. No explanation, no units, no punctuation.",[artifact fully truncated -- not visible to the model]
r1bw_032_evo-t2s_qwen3-14b_art_06,qwen3-14b,0.85,arm3_self_report,evo-t2s,"Who seconded the motion to retire the DELPHI-2 indexing service? Give the last name only.

Respond with ONLY the final answer. No explanation, no units, no punctuation.",[artifact fully truncated -- not visible to the model]
r1bw_033_evo-t2s_qwen3-8b_art_09,qwen3-8b,0.4,arm1_baseline,evo-t2s,"What is the keepalive_timeout_s configured in this manifest?

Respond with ONLY the integer value.",[artifact fully truncated -- not visible to the model]
r1bw_034_evo-x2_qwen3-14b_art_02,qwen3-14b,0.85,arm1_baseline,evo-x2,"What is the alert_threshold_ppb for unit CHROM-7?

Respond with ONLY the final answer. No explanation, no units, no punctuation.",[artifact fully truncated -- not visible to the model]
r1bw_035_evo-t2s_qwen3-8b_art_01,qwen3-8b,0.98,arm3_self_report,evo-t2s,"What is the listen_port configured for the invoice-relay service?

Respond with ONLY the final answer. No explanation, no units, no punctuation.",[artifact fully truncated -- not visible to the model]
r1bw_036_evo-x2_llama31-8b_art_01,llama31-8b,0.98,arm1_baseline,evo-x2,"What is the listen_port configured for the invoice-relay service?

Respond with ONLY the final answer. No explanation, no units, no punctuation.",[artifact fully truncated -- not visible to the model]
r1bw_037_evo-x2_qwen3-8b_art_05,qwen3-8b,0.4,arm3_self_report,evo-x2,What grid reference coordinates were recorded for the sediment core extraction? Include both the N and W values.,[artifact fully truncated -- not visible to the model]
r1bw_038_evo-x2_qwen3-32b_art_04,qwen3-32b,0.98,arm1_baseline,evo-x2,"What action did user tcosta perform at 14:02?

Respond with ONLY the final answer. No explanation, no units, no punctuation.",[artifact fully truncated -- not visible to the model]
r1bw_039_evo-x2_llama31-8b_art_10,llama31-8b,0.4,arm3_self_report,evo-x2,"What default value is used for the metric_clamp parameter when it is absent from the config?

Respond with ONLY the integer value.",[artifact fully truncated -- not visible to the model]
r1bw_040_evo-x2_qwen3-4b-2507_art_08,qwen3-4b-2507,0.85,arm1_baseline,evo-x2,"What is the SKU number of the discontinued Molex-to-SATA adapter?

Respond with ONLY the final answer. No explanation, no units, no punctuation.",[artifact fully truncated -- not visible to the model]
r1bw_041_evo-x2_qwen3-32b_art_03,qwen3-32b,1.2,arm1_baseline,evo-x2,"What is the CPU_HOURS value for job J-10894?

Respond with ONLY the final answer. No explanation, no units, no punctuation.","Using only the job summary table below, answer the question.

[JOB SUMMARY: facility=KILO-3, period=2025-Q1]
JOB-ID  | STATUS   | CPU_HOURS | QUEUE
J-10891 | complete | 14.2      | fast
J-10892 | failed   | 0.3       | fast
J-10893 | complete | 27.1      | normal
J-10894 | complete | 8.9       | priority
J-10895 | failed   | 0.1       | normal
J-10896 | complete | 33.6      | fast"
r1bw_042_evo-t2s_qwen3-8b_art_03,qwen3-8b,0.85,arm1_baseline,evo-t2s,"What is the CPU_HOURS value for job J-10894?

Respond with ONLY the final answer. No explanation, no units, no punctuation.",[artifact fully truncated -- not visible to the model]
r1bw_043_evo-t2s_qwen3-8b_art_05,qwen3-8b,0.98,arm1_baseline,evo-t2s,What grid reference coordinates were recorded for the sediment core extraction? Include both the N and W values.,"m³. Organic carbon
content in the top 10 cm was 4.2%, declining to 0.8% at 50 cm.
pH readings ranged from 5.9 to 6.3 across all depths."
r1bw_044_evo-x2_qwen3-8b_art_08,qwen3-8b,0.4,arm1_baseline,evo-x2,"What is the SKU number of the discontinued Molex-to-SATA adapter?

Respond with ONLY the final answer. No explanation, no units, no punctuation.",[artifact fully truncated -- not visible to the model]
r1bw_045_evo-x2_qwen3-32b_art_06,qwen3-32b,0.4,arm1_baseline,evo-x2,"Who seconded the motion to retire the DELPHI-2 indexing service? Give the last name only.

Respond with ONLY the final answer. No explanation, no units, no punctuation.",[artifact fully truncated -- not visible to the model]
r1bw_046_evo-x2_llama-3.3-70b_art_05,llama-3.3-70b,0.98,arm3_self_report,evo-x2,What grid reference coordinates were recorded for the sediment core extraction? Include both the N and W values.,ngs ranged from 5.9 to 6.3 across all depths.
r1bw_047_evo-x2_qwen3-14b_art_09,qwen3-14b,0.85,arm3_self_report,evo-x2,"What is the keepalive_timeout_s configured in this manifest?

Respond with ONLY the integer value.",[artifact fully truncated -- not visible to the model]
r1bw_048_evo-x2_llama31-8b_art_04,llama31-8b,0.85,arm3_self_report,evo-x2,"What action did user tcosta perform at 14:02?

Respond with ONLY the final answer. No explanation, no units, no punctuation.",[artifact fully truncated -- not visible to the model]
r1bw_049_evo-x2_qwen3-4b-2507_art_04,qwen3-4b-2507,0.4,arm1_baseline,evo-x2,"What action did user tcosta perform at 14:02?

Respond with ONLY the final answer. No explanation, no units, no punctuation.",[artifact fully truncated -- not visible to the model]
r1bw_050_evo-x2_llama-3.3-70b_art_08,llama-3.3-70b,1.2,arm1_baseline,evo-x2,"What is the SKU number of the discontinued Molex-to-SATA adapter?

Respond with ONLY the final answer. No explanation, no units, no punctuation.","Using only the inventory report below, answer the question.

[QUARTERLY INVENTORY REVIEW: Warehouse Delta-9, Q2 2025]

Cooling components showed above-seasonal turnover this quarter.
Thermal paste experienced an 11-day backorder starting April 3.
Two SKUs were discontinued effective June 30.

DISCONTINUED SKUS
| SKU      | Description                        | Last shipment |
|----------|------------------------------------|---------------|
| PN-38847 | 4-pin PWM splitter, 90 cm cable    | Apr 17        |
| PN-38901 | Molex-to-SATA adapter, legacy type | Mar 28        |

Threshold updates for active SKUs:
  PN-40022 (thermal compound): reorder threshold 50 → 75 units
  PN-40055 (fan tray, 120mm): reorder threshold 30 → 45 units"
r1bw_051_evo-x2_qwen3-4b-2507_art_09,qwen3-4b-2507,1.2,arm3_self_report,evo-x2,"What is the keepalive_timeout_s configured in this manifest?

Respond with ONLY the integer value.","Using only the deployment manifest below, answer the question.

[DEPLOYMENT MANIFEST: svc-inference-v4]
Generated: 2025-03-02T11:42:17Z

runtime:                 python3.11
entry_point:             server.main
replicas:                3
gpu_type:                A10G

# The keep-alive timeout is set below the upstream proxy timeout of 95 s
# to prevent truncated responses at the proxy layer. Do not increase
# without coordinating with the network team.
keepalive_timeout_s:     73

memory_limit_gb:         14
max_concurrent_requests: 8"
r1bw_052_evo-x2_llama-3.3-70b_art_08,llama-3.3-70b,0.85,arm1_baseline,evo-x2,"What is the SKU number of the discontinued Molex-to-SATA adapter?

Respond with ONLY the final answer. No explanation, no units, no punctuation.",[artifact fully truncated -- not visible to the model]
r1bw_053_evo-x2_qwen3-32b_art_08,qwen3-32b,0.85,arm3_self_report,evo-x2,"What is the SKU number of the discontinued Molex-to-SATA adapter?

Respond with ONLY the final answer. No explanation, no units, no punctuation.",[artifact fully truncated -- not visible to the model]
r1bw_054_evo-x2_qwen3-8b_art_10,qwen3-8b,0.85,arm3_self_report,evo-x2,"What default value is used for the metric_clamp parameter when it is absent from the config?

Respond with ONLY the integer value.",[artifact fully truncated -- not visible to the model]
r1bw_055_evo-x2_qwen3-14b_art_02,qwen3-14b,0.98,arm1_baseline,evo-x2,"What is the alert_threshold_ppb for unit CHROM-7?

Respond with ONLY the final answer. No explanation, no units, no punctuation.",[artifact fully truncated -- not visible to the model]
r1bw_056_evo-x2_qwen3-14b_art_10,qwen3-14b,0.4,arm3_self_report,evo-x2,"What default value is used for the metric_clamp parameter when it is absent from the config?

Respond with ONLY the integer value.",[artifact fully truncated -- not visible to the model]
r1bw_057_evo-x2_qwen3-32b_art_03,qwen3-32b,0.98,arm3_self_report,evo-x2,"What is the CPU_HOURS value for job J-10894?

Respond with ONLY the final answer. No explanation, no units, no punctuation.",[artifact fully truncated -- not visible to the model]
r1bw_058_evo-x2_qwen3-4b-2507_art_08,qwen3-4b-2507,0.4,arm3_self_report,evo-x2,"What is the SKU number of the discontinued Molex-to-SATA adapter?

Respond with ONLY the final answer. No explanation, no units, no punctuation.",[artifact fully truncated -- not visible to the model]
r1bw_059_evo-t2s_qwen3-14b_art_07,qwen3-14b,0.4,arm3_self_report,evo-t2s,"Which version number patched CVE-2024-51022? Give only the version number in X.Y.Z format, no other text.

Respond with ONLY the final answer. No explanation, no units, no punctuation.",[artifact fully truncated -- not visible to the model]
r1bw_060_evo-x2_llama-3.3-70b_art_05,llama-3.3-70b,0.4,arm1_baseline,evo-x2,What grid reference coordinates were recorded for the sediment core extraction? Include both the N and W values.,[artifact fully truncated -- not visible to the model]
r1bw_061_evo-x2_llama-3.3-70b_art_07,llama-3.3-70b,0.98,arm1_baseline,evo-x2,"Which version number patched CVE-2024-51022? Give only the version number in X.Y.Z format, no other text.

Respond with ONLY the final answer. No explanation, no units, no punctuation.","n return

Version 3.11.8 (2024-11-18)
  - Added connection pool eviction for idle connections exceeding 300 seconds
  - Corrected UTC offset handling for timestamps in Oracle time zones"
r1bw_062_evo-t2s_qwen3-8b_art_06,qwen3-8b,0.4,arm3_self_report,evo-t2s,"Who seconded the motion to retire the DELPHI-2 indexing service? Give the last name only.

Respond with ONLY the final answer. No explanation, no units, no punctuation.",[artifact fully truncated -- not visible to the model]
r1bw_063_evo-x2_qwen3-14b_art_07,qwen3-14b,0.4,arm1_baseline,evo-x2,"Which version number patched CVE-2024-51022? Give only the version number in X.Y.Z format, no other text.

Respond with ONLY the final answer. No explanation, no units, no punctuation.",[artifact fully truncated -- not visible to the model]
r1bw_064_evo-t2s_qwen3-8b_art_10,qwen3-8b,0.85,arm3_self_report,evo-t2s,"What default value is used for the metric_clamp parameter when it is absent from the config?

Respond with ONLY the integer value.",[artifact fully truncated -- not visible to the model]
r1bw_065_evo-x2_qwen3-8b_art_07,qwen3-8b,0.85,arm1_baseline,evo-x2,"Which version number patched CVE-2024-51022? Give only the version number in X.Y.Z format, no other text.

Respond with ONLY the final answer. No explanation, no units, no punctuation.",[artifact fully truncated -- not visible to the model]
r1bw_066_evo-x2_qwen3-4b-2507_art_10,qwen3-4b-2507,0.85,arm3_self_report,evo-x2,"What default value is used for the metric_clamp parameter when it is absent from the config?

Respond with ONLY the integer value.",[artifact fully truncated -- not visible to the model]
r1bw_067_evo-t2s_qwen3-14b_art_09,qwen3-14b,0.98,arm3_self_report,evo-t2s,"What is the keepalive_timeout_s configured in this manifest?

Respond with ONLY the integer value.","thout coordinating with the network team.
keepalive_timeout_s:     73

memory_limit_gb:         14
max_concurrent_requests: 8"
r1bw_068_evo-x2_qwen3-8b_art_02,qwen3-8b,0.98,arm3_self_report,evo-x2,"What is the alert_threshold_ppb for unit CHROM-7?

Respond with ONLY the final answer. No explanation, no units, no punctuation.",[artifact fully truncated -- not visible to the model]
r1bw_069_evo-x2_llama-3.3-70b_art_03,llama-3.3-70b,0.85,arm3_self_report,evo-x2,"What is the CPU_HOURS value for job J-10894?

Respond with ONLY the final answer. No explanation, no units, no punctuation.",[artifact fully truncated -- not visible to the model]
r1bw_070_evo-x2_qwen3-4b-2507_art_06,qwen3-4b-2507,0.98,arm1_baseline,evo-x2,"Who seconded the motion to retire the DELPHI-2 indexing service? Give the last name only.

Respond with ONLY the final answer. No explanation, no units, no punctuation.",")

Item 4: Reallocate $47,500 from hardware reserves to on-call staffing.
  Motion: S. Nakagawa. Second: R. Mäkinen.
  Votes — Okonkwo: yes  Nakagawa: yes  Herrera: no  Mäkinen: yes  Blum: no
  Outcome: PASSED (3 yes / 2 no)"
r1bw_071_evo-x2_qwen3-32b_art_07,qwen3-32b,0.4,arm3_self_report,evo-x2,"Which version number patched CVE-2024-51022? Give only the version number in X.Y.Z format, no other text.

Respond with ONLY the final answer. No explanation, no units, no punctuation.",[artifact fully truncated -- not visible to the model]
r1bw_072_evo-x2_llama-3.3-70b_art_03,llama-3.3-70b,0.4,arm3_self_report,evo-x2,"What is the CPU_HOURS value for job J-10894?

Respond with ONLY the final answer. No explanation, no units, no punctuation.",[artifact fully truncated -- not visible to the model]
r1bw_073_evo-x2_llama31-8b_art_04,llama31-8b,0.98,arm3_self_report,evo-x2,"What action did user tcosta perform at 14:02?

Respond with ONLY the final answer. No explanation, no units, no punctuation.",[artifact fully truncated -- not visible to the model]
r1bw_074_evo-t2s_qwen3-14b_art_04,qwen3-14b,0.98,arm1_baseline,evo-t2s,"What action did user tcosta perform at 14:02?

Respond with ONLY the final answer. No explanation, no units, no punctuation.",[artifact fully truncated -- not visible to the model]
r1bw_075_evo-x2_qwen3-4b-2507_art_03,qwen3-4b-2507,0.98,arm3_self_report,evo-x2,"What is the CPU_HOURS value for job J-10894?

Respond with ONLY the final answer. No explanation, no units, no punctuation.",[artifact fully truncated -- not visible to the model]
r1bw_076_evo-t2s_qwen3-8b_art_08,qwen3-8b,1.2,arm3_self_report,evo-t2s,"What is the SKU number of the discontinued Molex-to-SATA adapter?

Respond with ONLY the final answer. No explanation, no units, no punctuation.","Using only the inventory report below, answer the question.

[QUARTERLY INVENTORY REVIEW: Warehouse Delta-9, Q2 2025]

Cooling components showed above-seasonal turnover this quarter.
Thermal paste experienced an 11-day backorder starting April 3.
Two SKUs were discontinued effective June 30.

DISCONTINUED SKUS
| SKU      | Description                        | Last shipment |
|----------|------------------------------------|---------------|
| PN-38847 | 4-pin PWM splitter, 90 cm cable    | Apr 17        |
| PN-38901 | Molex-to-SATA adapter, legacy type | Mar 28        |

Threshold updates for active SKUs:
  PN-40022 (thermal compound): reorder threshold 50 → 75 units
  PN-40055 (fan tray, 120mm): reorder threshold 30 → 45 units"
r1bw_077_evo-t2s_qwen3-14b_art_08,qwen3-14b,1.2,arm3_self_report,evo-t2s,"What is the SKU number of the discontinued Molex-to-SATA adapter?

Respond with ONLY the final answer. No explanation, no units, no punctuation.","Using only the inventory report below, answer the question.

[QUARTERLY INVENTORY REVIEW: Warehouse Delta-9, Q2 2025]

Cooling components showed above-seasonal turnover this quarter.
Thermal paste experienced an 11-day backorder starting April 3.
Two SKUs were discontinued effective June 30.

DISCONTINUED SKUS
| SKU      | Description                        | Last shipment |
|----------|------------------------------------|---------------|
| PN-38847 | 4-pin PWM splitter, 90 cm cable    | Apr 17        |
| PN-38901 | Molex-to-SATA adapter, legacy type | Mar 28        |

Threshold updates for active SKUs:
  PN-40022 (thermal compound): reorder threshold 50 → 75 units
  PN-40055 (fan tray, 120mm): reorder threshold 30 → 45 units"
r1bw_078_evo-x2_llama31-8b_art_08,llama31-8b,0.85,arm1_baseline,evo-x2,"What is the SKU number of the discontinued Molex-to-SATA adapter?

Respond with ONLY the final answer. No explanation, no units, no punctuation.",[artifact fully truncated -- not visible to the model]
r1bw_079_evo-x2_qwen3-14b_art_02,qwen3-14b,1.2,arm3_self_report,evo-x2,"What is the alert_threshold_ppb for unit CHROM-7?

Respond with ONLY the final answer. No explanation, no units, no punctuation.","Using only the calibration record below, answer the question.

[CALIBRATION RECORD: unit=CHROM-7, facility=Kessler-B]
baseline_ppm        : 12.4
alert_threshold_ppb : 0.0073
sample_interval_s   : 300
reagent_lot         : XK-4419
correction_factor   : 1.0083
last_verified       : 2024-06-17"
r1bw_080_evo-x2_qwen3-14b_art_04,qwen3-14b,0.98,arm3_self_report,evo-x2,"What action did user tcosta perform at 14:02?

Respond with ONLY the final answer. No explanation, no units, no punctuation.",[artifact fully truncated -- not visible to the model]
r1bw_081_evo-x2_llama31-8b_art_08,llama31-8b,0.4,arm1_baseline,evo-x2,"What is the SKU number of the discontinued Molex-to-SATA adapter?

Respond with ONLY the final answer. No explanation, no units, no punctuation.",[artifact fully truncated -- not visible to the model]
r1bw_082_evo-t2s_qwen3-14b_art_08,qwen3-14b,0.85,arm1_baseline,evo-t2s,"What is the SKU number of the discontinued Molex-to-SATA adapter?

Respond with ONLY the final answer. No explanation, no units, no punctuation.",[artifact fully truncated -- not visible to the model]
r1bw_083_evo-x2_qwen3-8b_art_02,qwen3-8b,1.2,arm3_self_report,evo-x2,"What is the alert_threshold_ppb for unit CHROM-7?

Respond with ONLY the final answer. No explanation, no units, no punctuation.","Using only the calibration record below, answer the question.

[CALIBRATION RECORD: unit=CHROM-7, facility=Kessler-B]
baseline_ppm        : 12.4
alert_threshold_ppb : 0.0073
sample_interval_s   : 300
reagent_lot         : XK-4419
correction_factor   : 1.0083
last_verified       : 2024-06-17"
r1bw_084_evo-t2s_qwen3-14b_art_04,qwen3-14b,0.4,arm1_baseline,evo-t2s,"What action did user tcosta perform at 14:02?

Respond with ONLY the final answer. No explanation, no units, no punctuation.",[artifact fully truncated -- not visible to the model]
r1bw_085_evo-x2_qwen3-32b_art_02,qwen3-32b,0.85,arm1_baseline,evo-x2,"What is the alert_threshold_ppb for unit CHROM-7?

Respond with ONLY the final answer. No explanation, no units, no punctuation.",[artifact fully truncated -- not visible to the model]
r1bw_086_evo-x2_qwen3-32b_art_06,qwen3-32b,1.2,arm3_self_report,evo-x2,"Who seconded the motion to retire the DELPHI-2 indexing service? Give the last name only.

Respond with ONLY the final answer. No explanation, no units, no punctuation.","Using only the meeting minutes below, answer the question.

[ENGINEERING REVIEW BOARD — Session 2025-02-11]
Attendees: D. Okonkwo (chair), S. Nakagawa, V. Herrera, R. Mäkinen, T. Blum

Item 3: Proposal to retire the DELPHI-2 indexing service by Q3 2025.
  Motion: V. Herrera. Second: T. Blum.
  Votes — Okonkwo: abstain  Nakagawa: no  Herrera: yes  Mäkinen: yes  Blum: yes
  Outcome: PASSED (3 yes / 1 no / 1 abstain)

Item 4: Reallocate $47,500 from hardware reserves to on-call staffing.
  Motion: S. Nakagawa. Second: R. Mäkinen.
  Votes — Okonkwo: yes  Nakagawa: yes  Herrera: no  Mäkinen: yes  Blum: no
  Outcome: PASSED (3 yes / 2 no)"
r1bw_087_evo-x2_qwen3-8b_art_05,qwen3-8b,0.98,arm1_baseline,evo-x2,What grid reference coordinates were recorded for the sediment core extraction? Include both the N and W values.,"m³. Organic carbon
content in the top 10 cm was 4.2%, declining to 0.8% at 50 cm.
pH readings ranged from 5.9 to 6.3 across all depths."
r1bw_088_evo-t2s_qwen3-14b_art_09,qwen3-14b,0.85,arm3_self_report,evo-t2s,"What is the keepalive_timeout_s configured in this manifest?

Respond with ONLY the integer value.",[artifact fully truncated -- not visible to the model]
r1bw_089_evo-t2s_qwen3-8b_art_05,qwen3-8b,0.4,arm1_baseline,evo-t2s,What grid reference coordinates were recorded for the sediment core extraction? Include both the N and W values.,[artifact fully truncated -- not visible to the model]
r1bw_090_evo-x2_qwen3-14b_art_08,qwen3-14b,0.85,arm1_baseline,evo-x2,"What is the SKU number of the discontinued Molex-to-SATA adapter?

Respond with ONLY the final answer. No explanation, no units, no punctuation.",[artifact fully truncated -- not visible to the model]
r1bw_091_evo-t2s_qwen3-8b_art_09,qwen3-8b,0.98,arm3_self_report,evo-t2s,"What is the keepalive_timeout_s configured in this manifest?

Respond with ONLY the integer value.","thout coordinating with the network team.
keepalive_timeout_s:     73

memory_limit_gb:         14
max_concurrent_requests: 8"
r1bw_092_evo-x2_llama31-8b_art_07,llama31-8b,0.98,arm1_baseline,evo-x2,"Which version number patched CVE-2024-51022? Give only the version number in X.Y.Z format, no other text.

Respond with ONLY the final answer. No explanation, no units, no punctuation.","n return

Version 3.11.8 (2024-11-18)
  - Added connection pool eviction for idle connections exceeding 300 seconds
  - Corrected UTC offset handling for timestamps in Oracle time zones"
r1bw_093_evo-x2_qwen3-8b_art_09,qwen3-8b,0.4,arm3_self_report,evo-x2,"What is the keepalive_timeout_s configured in this manifest?

Respond with ONLY the integer value.",[artifact fully truncated -- not visible to the model]
r1bw_094_evo-x2_qwen3-32b_art_02,qwen3-32b,0.98,arm1_baseline,evo-x2,"What is the alert_threshold_ppb for unit CHROM-7?

Respond with ONLY the final answer. No explanation, no units, no punctuation.",[artifact fully truncated -- not visible to the model]
r1bw_095_evo-x2_llama31-8b_art_01,llama31-8b,0.4,arm3_self_report,evo-x2,"What is the listen_port configured for the invoice-relay service?

Respond with ONLY the final answer. No explanation, no units, no punctuation.",[artifact fully truncated -- not visible to the model]
r1bw_096_evo-x2_qwen3-4b-2507_art_07,qwen3-4b-2507,0.85,arm1_baseline,evo-x2,"Which version number patched CVE-2024-51022? Give only the version number in X.Y.Z format, no other text.

Respond with ONLY the final answer. No explanation, no units, no punctuation.",[artifact fully truncated -- not visible to the model]
r1bw_097_evo-t2s_qwen3-8b_art_01,qwen3-8b,0.85,arm1_baseline,evo-t2s,"What is the listen_port configured for the invoice-relay service?

Respond with ONLY the final answer. No explanation, no units, no punctuation.",[artifact fully truncated -- not visible to the model]
r1bw_098_evo-t2s_qwen3-8b_art_05,qwen3-8b,0.98,arm1_baseline,evo-t2s,What grid reference coordinates were recorded for the sediment core extraction? Include both the N and W values.,"m³. Organic carbon
content in the top 10 cm was 4.2%, declining to 0.8% at 50 cm.
pH readings ranged from 5.9 to 6.3 across all depths."
r1bw_099_evo-x2_qwen3-8b_art_10,qwen3-8b,0.4,arm1_baseline,evo-x2,"What default value is used for the metric_clamp parameter when it is absent from the config?

Respond with ONLY the integer value.",[artifact fully truncated -- not visible to the model]
r1bw_100_evo-x2_qwen3-32b_art_02,qwen3-32b,0.4,arm1_baseline,evo-x2,"What is the alert_threshold_ppb for unit CHROM-7?

Respond with ONLY the final answer. No explanation, no units, no punctuation.",[artifact fully truncated -- not visible to the model]
r1bw_101_evo-x2_llama-3.3-70b_art_09,llama-3.3-70b,0.98,arm3_self_report,evo-x2,"What is the keepalive_timeout_s configured in this manifest?

Respond with ONLY the integer value.","      14
max_concurrent_requests: 8"
r1bw_102_evo-x2_qwen3-14b_art_07,qwen3-14b,0.85,arm3_self_report,evo-x2,"Which version number patched CVE-2024-51022? Give only the version number in X.Y.Z format, no other text.

Respond with ONLY the final answer. No explanation, no units, no punctuation.",[artifact fully truncated -- not visible to the model]
r1bw_103_evo-x2_llama31-8b_art_07,llama31-8b,0.85,arm3_self_report,evo-x2,"Which version number patched CVE-2024-51022? Give only the version number in X.Y.Z format, no other text.

Respond with ONLY the final answer. No explanation, no units, no punctuation.",[artifact fully truncated -- not visible to the model]
r1bw_104_evo-x2_qwen3-4b-2507_art_09,qwen3-4b-2507,0.4,arm1_baseline,evo-x2,"What is the keepalive_timeout_s configured in this manifest?

Respond with ONLY the integer value.",[artifact fully truncated -- not visible to the model]
r1bw_105_evo-x2_llama-3.3-70b_art_08,llama-3.3-70b,1.2,arm1_baseline,evo-x2,"What is the SKU number of the discontinued Molex-to-SATA adapter?

Respond with ONLY the final answer. No explanation, no units, no punctuation.","Using only the inventory report below, answer the question.

[QUARTERLY INVENTORY REVIEW: Warehouse Delta-9, Q2 2025]

Cooling components showed above-seasonal turnover this quarter.
Thermal paste experienced an 11-day backorder starting April 3.
Two SKUs were discontinued effective June 30.

DISCONTINUED SKUS
| SKU      | Description                        | Last shipment |
|----------|------------------------------------|---------------|
| PN-38847 | 4-pin PWM splitter, 90 cm cable    | Apr 17        |
| PN-38901 | Molex-to-SATA adapter, legacy type | Mar 28        |

Threshold updates for active SKUs:
  PN-40022 (thermal compound): reorder threshold 50 → 75 units
  PN-40055 (fan tray, 120mm): reorder threshold 30 → 45 units"
r1bw_106_evo-x2_qwen3-4b-2507_art_01,qwen3-4b-2507,1.2,arm3_self_report,evo-x2,"What is the listen_port configured for the invoice-relay service?

Respond with ONLY the final answer. No explanation, no units, no punctuation.","Using only the configuration below, answer the question.

[CONFIG: service=invoice-relay v2.4]
{
  ""listen_port"": 51847,
  ""max_payload_kb"": 192,
  ""auth_scheme"": ""HMAC-SHA3"",
  ""flush_interval_ms"": 2350,
  ""retry_backoff_base_ms"": 750,
  ""circuit_breaker_threshold"": 12
}"
r1bw_107_evo-x2_llama-3.3-70b_art_04,llama-3.3-70b,0.85,arm1_baseline,evo-x2,"What action did user tcosta perform at 14:02?

Respond with ONLY the final answer. No explanation, no units, no punctuation.",[artifact fully truncated -- not visible to the model]
r1bw_108_evo-x2_qwen3-32b_art_04,qwen3-32b,0.85,arm3_self_report,evo-x2,"What action did user tcosta perform at 14:02?

Respond with ONLY the final answer. No explanation, no units, no punctuation.",[artifact fully truncated -- not visible to the model]
r1bw_109_evo-x2_qwen3-8b_art_04,qwen3-8b,0.85,arm3_self_report,evo-x2,"What action did user tcosta perform at 14:02?

Respond with ONLY the final answer. No explanation, no units, no punctuation.",[artifact fully truncated -- not visible to the model]
r1bw_110_evo-x2_qwen3-14b_art_01,qwen3-14b,0.98,arm1_baseline,evo-x2,"What is the listen_port configured for the invoice-relay service?

Respond with ONLY the final answer. No explanation, no units, no punctuation.",[artifact fully truncated -- not visible to the model]
r1bw_111_evo-x2_qwen3-14b_art_09,qwen3-14b,0.4,arm3_self_report,evo-x2,"What is the keepalive_timeout_s configured in this manifest?

Respond with ONLY the integer value.",[artifact fully truncated -- not visible to the model]
r1bw_112_evo-x2_qwen3-32b_art_04,qwen3-32b,0.98,arm3_self_report,evo-x2,"What action did user tcosta perform at 14:02?

Respond with ONLY the final answer. No explanation, no units, no punctuation.",[artifact fully truncated -- not visible to the model]
r1bw_113_evo-x2_qwen3-4b-2507_art_09,qwen3-4b-2507,0.4,arm3_self_report,evo-x2,"What is the keepalive_timeout_s configured in this manifest?

Respond with ONLY the integer value.",[artifact fully truncated -- not visible to the model]
r1bw_114_evo-t2s_qwen3-14b_art_01,qwen3-14b,0.4,arm3_self_report,evo-t2s,"What is the listen_port configured for the invoice-relay service?

Respond with ONLY the final answer. No explanation, no units, no punctuation.",[artifact fully truncated -- not visible to the model]
r1bw_115_evo-x2_llama-3.3-70b_art_03,llama-3.3-70b,0.4,arm1_baseline,evo-x2,"What is the CPU_HOURS value for job J-10894?

Respond with ONLY the final answer. No explanation, no units, no punctuation.",[artifact fully truncated -- not visible to the model]
r1bw_116_evo-x2_llama-3.3-70b_art_07,llama-3.3-70b,0.98,arm1_baseline,evo-x2,"Which version number patched CVE-2024-51022? Give only the version number in X.Y.Z format, no other text.

Respond with ONLY the final answer. No explanation, no units, no punctuation.","n return

Version 3.11.8 (2024-11-18)
  - Added connection pool eviction for idle connections exceeding 300 seconds
  - Corrected UTC offset handling for timestamps in Oracle time zones"
r1bw_117_evo-t2s_qwen3-8b_art_10,qwen3-8b,0.4,arm3_self_report,evo-t2s,"What default value is used for the metric_clamp parameter when it is absent from the config?

Respond with ONLY the integer value.",[artifact fully truncated -- not visible to the model]
r1bw_118_evo-x2_qwen3-14b_art_09,qwen3-14b,0.4,arm1_baseline,evo-x2,"What is the keepalive_timeout_s configured in this manifest?

Respond with ONLY the integer value.",[artifact fully truncated -- not visible to the model]
r1bw_119_evo-t2s_qwen3-8b_art_05,qwen3-8b,0.85,arm3_self_report,evo-t2s,What grid reference coordinates were recorded for the sediment core extraction? Include both the N and W values.,[artifact fully truncated -- not visible to the model]
r1bw_120_evo-x2_qwen3-8b_art_02,qwen3-8b,0.85,arm1_baseline,evo-x2,"What is the alert_threshold_ppb for unit CHROM-7?

Respond with ONLY the final answer. No explanation, no units, no punctuation.",[artifact fully truncated -- not visible to the model]
r1bw_121_evo-x2_qwen3-4b-2507_art_05,qwen3-4b-2507,0.85,arm3_self_report,evo-x2,What grid reference coordinates were recorded for the sediment core extraction? Include both the N and W values.,[artifact fully truncated -- not visible to the model]
r1bw_122_evo-t2s_qwen3-14b_art_04,qwen3-14b,0.98,arm3_self_report,evo-t2s,"What action did user tcosta perform at 14:02?

Respond with ONLY the final answer. No explanation, no units, no punctuation.",[artifact fully truncated -- not visible to the model]
r1bw_123_evo-x2_qwen3-8b_art_10,qwen3-8b,0.98,arm3_self_report,evo-x2,"What default value is used for the metric_clamp parameter when it is absent from the config?

Respond with ONLY the integer value.","c_clamp"", 1847293)
         flushed = self._write_records(self._buf[:self._threshold])
         self._buf = self._buf[self._threshold:]
         return flushed"
r1bw_124_evo-x2_llama-3.3-70b_art_07,llama-3.3-70b,0.85,arm3_self_report,evo-x2,"Which version number patched CVE-2024-51022? Give only the version number in X.Y.Z format, no other text.

Respond with ONLY the final answer. No explanation, no units, no punctuation.",[artifact fully truncated -- not visible to the model]
r1bw_125_evo-x2_qwen3-4b-2507_art_01,qwen3-4b-2507,0.98,arm1_baseline,evo-x2,"What is the listen_port configured for the invoice-relay service?

Respond with ONLY the final answer. No explanation, no units, no punctuation.",[artifact fully truncated -- not visible to the model]
r1bw_126_evo-x2_qwen3-32b_art_05,qwen3-32b,0.4,arm3_self_report,evo-x2,What grid reference coordinates were recorded for the sediment core extraction? Include both the N and W values.,[artifact fully truncated -- not visible to the model]
r1bw_127_evo-x2_llama-3.3-70b_art_07,llama-3.3-70b,0.4,arm3_self_report,evo-x2,"Which version number patched CVE-2024-51022? Give only the version number in X.Y.Z format, no other text.

Respond with ONLY the final answer. No explanation, no units, no punctuation.",[artifact fully truncated -- not visible to the model]
r1bw_128_evo-x2_llama31-8b_art_04,llama31-8b,0.98,arm3_self_report,evo-x2,"What action did user tcosta perform at 14:02?

Respond with ONLY the final answer. No explanation, no units, no punctuation.",[artifact fully truncated -- not visible to the model]
r1bw_129_evo-t2s_qwen3-14b_art_02,qwen3-14b,0.98,arm1_baseline,evo-t2s,"What is the alert_threshold_ppb for unit CHROM-7?

Respond with ONLY the final answer. No explanation, no units, no punctuation.",[artifact fully truncated -- not visible to the model]
r1bw_130_evo-x2_qwen3-4b-2507_art_02,qwen3-4b-2507,0.98,arm3_self_report,evo-x2,"What is the alert_threshold_ppb for unit CHROM-7?

Respond with ONLY the final answer. No explanation, no units, no punctuation.",[artifact fully truncated -- not visible to the model]
r1bw_131_evo-t2s_qwen3-8b_art_10,qwen3-8b,1.2,arm3_self_report,evo-t2s,"What default value is used for the metric_clamp parameter when it is absent from the config?

Respond with ONLY the integer value.","Using only the diff output below, answer the question.

[DIFF: repo=flux-collector, branch=hotfix/metric-clamp]
--- a/src/collector/pipeline.py
+++ b/src/collector/pipeline.py
@@ -118,7 +118,7 @@
     def _flush_buffer(self, force: bool = False) -> int:
         if not force and len(self._buf) < self._threshold:
             return 0
-        clamp_val = MAX_METRIC_VALUE
+        clamp_val = self._config.get(""metric_clamp"", 1847293)
         flushed = self._write_records(self._buf[:self._threshold])
         self._buf = self._buf[self._threshold:]
         return flushed"
r1bw_132_evo-t2s_qwen3-14b_art_09,qwen3-14b,1.2,arm3_self_report,evo-t2s,"What is the keepalive_timeout_s configured in this manifest?

Respond with ONLY the integer value.","Using only the deployment manifest below, answer the question.

[DEPLOYMENT MANIFEST: svc-inference-v4]
Generated: 2025-03-02T11:42:17Z

runtime:                 python3.11
entry_point:             server.main
replicas:                3
gpu_type:                A10G

# The keep-alive timeout is set below the upstream proxy timeout of 95 s
# to prevent truncated responses at the proxy layer. Do not increase
# without coordinating with the network team.
keepalive_timeout_s:     73

memory_limit_gb:         14
max_concurrent_requests: 8"
r1bw_133_evo-x2_llama31-8b_art_04,llama31-8b,0.85,arm1_baseline,evo-x2,"What action did user tcosta perform at 14:02?

Respond with ONLY the final answer. No explanation, no units, no punctuation.",[artifact fully truncated -- not visible to the model]
r1bw_134_evo-x2_qwen3-14b_art_07,qwen3-14b,1.2,arm3_self_report,evo-x2,"Which version number patched CVE-2024-51022? Give only the version number in X.Y.Z format, no other text.

Respond with ONLY the final answer. No explanation, no units, no punctuation.","Using only the release notes below, answer the question.

[RELEASE NOTES — Ferrite ORM]

Version 3.12.0 (2025-01-30)
  - Added support for nullable composite foreign keys (GH-8841)
  - Bulk insert now respects on_conflict=REPLACE for SQLite targets
  - Fixed incorrect OFFSET behaviour when combined with GROUP BY on MySQL 8.4+

Version 3.11.9 (2024-12-05)
  - Patched CVE-2024-51022: stack overflow in schema diff with cyclic references
  - Cursor iteration no longer holds an open transaction on connection return

Version 3.11.8 (2024-11-18)
  - Added connection pool eviction for idle connections exceeding 300 seconds
  - Corrected UTC offset handling for timestamps in Oracle time zones"
r1bw_135_evo-x2_qwen3-14b_art_03,qwen3-14b,0.98,arm3_self_report,evo-x2,"What is the CPU_HOURS value for job J-10894?

Respond with ONLY the final answer. No explanation, no units, no punctuation.",[artifact fully truncated -- not visible to the model]
r1bw_136_evo-x2_llama31-8b_art_01,llama31-8b,0.4,arm1_baseline,evo-x2,"What is the listen_port configured for the invoice-relay service?

Respond with ONLY the final answer. No explanation, no units, no punctuation.",[artifact fully truncated -- not visible to the model]
r1bw_137_evo-t2s_qwen3-14b_art_02,qwen3-14b,0.85,arm1_baseline,evo-t2s,"What is the alert_threshold_ppb for unit CHROM-7?

Respond with ONLY the final answer. No explanation, no units, no punctuation.",[artifact fully truncated -- not visible to the model]
r1bw_138_evo-x2_qwen3-8b_art_08,qwen3-8b,1.2,arm3_self_report,evo-x2,"What is the SKU number of the discontinued Molex-to-SATA adapter?

Respond with ONLY the final answer. No explanation, no units, no punctuation.","Using only the inventory report below, answer the question.

[QUARTERLY INVENTORY REVIEW: Warehouse Delta-9, Q2 2025]

Cooling components showed above-seasonal turnover this quarter.
Thermal paste experienced an 11-day backorder starting April 3.
Two SKUs were discontinued effective June 30.

DISCONTINUED SKUS
| SKU      | Description                        | Last shipment |
|----------|------------------------------------|---------------|
| PN-38847 | 4-pin PWM splitter, 90 cm cable    | Apr 17        |
| PN-38901 | Molex-to-SATA adapter, legacy type | Mar 28        |

Threshold updates for active SKUs:
  PN-40022 (thermal compound): reorder threshold 50 → 75 units
  PN-40055 (fan tray, 120mm): reorder threshold 30 → 45 units"
r1bw_139_evo-t2s_qwen3-14b_art_02,qwen3-14b,0.4,arm1_baseline,evo-t2s,"What is the alert_threshold_ppb for unit CHROM-7?

Respond with ONLY the final answer. No explanation, no units, no punctuation.",[artifact fully truncated -- not visible to the model]
r1bw_140_evo-x2_qwen3-32b_art_07,qwen3-32b,0.85,arm1_baseline,evo-x2,"Which version number patched CVE-2024-51022? Give only the version number in X.Y.Z format, no other text.

Respond with ONLY the final answer. No explanation, no units, no punctuation.",[artifact fully truncated -- not visible to the model]
r1bw_141_evo-x2_qwen3-32b_art_08,qwen3-32b,1.2,arm3_self_report,evo-x2,"What is the SKU number of the discontinued Molex-to-SATA adapter?

Respond with ONLY the final answer. No explanation, no units, no punctuation.","Using only the inventory report below, answer the question.

[QUARTERLY INVENTORY REVIEW: Warehouse Delta-9, Q2 2025]

Cooling components showed above-seasonal turnover this quarter.
Thermal paste experienced an 11-day backorder starting April 3.
Two SKUs were discontinued effective June 30.

DISCONTINUED SKUS
| SKU      | Description                        | Last shipment |
|----------|------------------------------------|---------------|
| PN-38847 | 4-pin PWM splitter, 90 cm cable    | Apr 17        |
| PN-38901 | Molex-to-SATA adapter, legacy type | Mar 28        |

Threshold updates for active SKUs:
  PN-40022 (thermal compound): reorder threshold 50 → 75 units
  PN-40055 (fan tray, 120mm): reorder threshold 30 → 45 units"
r1bw_142_evo-x2_qwen3-8b_art_02,qwen3-8b,0.98,arm1_baseline,evo-x2,"What is the alert_threshold_ppb for unit CHROM-7?

Respond with ONLY the final answer. No explanation, no units, no punctuation.",[artifact fully truncated -- not visible to the model]
r1bw_143_evo-t2s_qwen3-14b_art_10,qwen3-14b,0.85,arm3_self_report,evo-t2s,"What default value is used for the metric_clamp parameter when it is absent from the config?

Respond with ONLY the integer value.",[artifact fully truncated -- not visible to the model]
r1bw_144_evo-t2s_qwen3-8b_art_07,qwen3-8b,0.4,arm1_baseline,evo-t2s,"Which version number patched CVE-2024-51022? Give only the version number in X.Y.Z format, no other text.

Respond with ONLY the final answer. No explanation, no units, no punctuation.",[artifact fully truncated -- not visible to the model]
r1bw_145_evo-x2_qwen3-14b_art_10,qwen3-14b,0.85,arm1_baseline,evo-x2,"What default value is used for the metric_clamp parameter when it is absent from the config?

Respond with ONLY the integer value.",[artifact fully truncated -- not visible to the model]
r1bw_146_evo-t2s_qwen3-8b_art_03,qwen3-8b,0.98,arm3_self_report,evo-t2s,"What is the CPU_HOURS value for job J-10894?

Respond with ONLY the final answer. No explanation, no units, no punctuation.",[artifact fully truncated -- not visible to the model]
r1bw_147_evo-x2_llama31-8b_art_06,llama31-8b,0.98,arm1_baseline,evo-x2,"Who seconded the motion to retire the DELPHI-2 indexing service? Give the last name only.

Respond with ONLY the final answer. No explanation, no units, no punctuation.","agawa. Second: R. Mäkinen.
  Votes — Okonkwo: yes  Nakagawa: yes  Herrera: no  Mäkinen: yes  Blum: no
  Outcome: PASSED (3 yes / 2 no)"
r1bw_148_evo-x2_qwen3-8b_art_10,qwen3-8b,0.4,arm3_self_report,evo-x2,"What default value is used for the metric_clamp parameter when it is absent from the config?

Respond with ONLY the integer value.",[artifact fully truncated -- not visible to the model]
r1bw_149_evo-x2_qwen3-32b_art_04,qwen3-32b,0.98,arm1_baseline,evo-x2,"What action did user tcosta perform at 14:02?

Respond with ONLY the final answer. No explanation, no units, no punctuation.",[artifact fully truncated -- not visible to the model]
