ts_iso_utc,kind,domain,rc,actual_mhz,request_mhz,tdp_mhz,efficient_mhz,throttle_reasons,energy_uj,timestamp_us,power_w,temp_c
2026-09-29T03:24:10.292198+00:00,freq,0,0,900.0,900.0,2500.0,900.0,0,,,,
2026-09-29T03:24:10.292198+00:00,freq,1,0,500.0,500.0,1200.0,500.0,0,,,,
2026-09-29T03:24:10.292198+00:00,power,0,0,,,,,,812056654590,643497534621,,
2026-09-29T03:24:11.303496+00:00,freq,0,0,900.0,900.0,2500.0,900.0,0,,,,
2026-09-29T03:24:11.303496+00:00,freq,1,0,500.0,500.0,1200.0,500.0,0,,,,
2026-09-29T03:24:11.303496+00:00,power,0,0,,,,,,812056655993,643498543130,0.001391162597458228,
2026-09-29T03:24:12.297268+00:00,freq,0,0,900.0,900.0,2500.0,900.0,0,,,,
2026-09-29T03:24:12.297268+00:00,freq,1,0,500.0,500.0,1200.0,500.0,0,,,,
2026-09-29T03:24:12.297268+00:00,power,0,0,,,,,,812056655993,643499536675,0.0,
2026-09-29T03:24:13.298096+00:00,freq,0,0,900.0,900.0,2500.0,900.0,0,,,,
2026-09-29T03:24:13.298096+00:00,freq,1,0,500.0,500.0,1200.0,500.0,0,,,,
2026-09-29T03:24:13.298096+00:00,power,0,0,,,,,,812056655993,643500537527,0.0,
2026-09-29T03:24:14.297291+00:00,freq,0,0,900.0,900.0,2500.0,900.0,0,,,,
2026-09-29T03:24:14.297291+00:00,freq,1,0,500.0,500.0,1200.0,500.0,0,,,,
2026-09-29T03:24:14.297291+00:00,power,0,0,,,,,,812056655993,643501536692,0.0,
2026-09-29T03:24:15.292565+00:00,freq,0,0,900.0,900.0,2500.0,900.0,0,,,,
2026-09-29T03:24:15.292565+00:00,freq,1,0,500.0,500.0,1200.0,500.0,0,,,,
2026-09-29T03:24:15.292565+00:00,power,0,0,,,,,,812056655993,643502532087,0.0,
2026-09-29T03:24:16.299531+00:00,freq,0,0,900.0,900.0,2500.0,900.0,0,,,,
2026-09-29T03:24:16.299531+00:00,freq,1,0,500.0,500.0,1200.0,500.0,0,,,,
2026-09-29T03:24:16.299531+00:00,power,0,0,,,,,,812056655993,643503538858,0.0,
2026-09-29T03:24:17.300528+00:00,freq,0,0,900.0,900.0,2500.0,900.0,0,,,,
2026-09-29T03:24:17.300528+00:00,freq,1,0,500.0,500.0,1200.0,500.0,0,,,,
2026-09-29T03:24:17.300528+00:00,power,0,0,,,,,,812056655993,643504539891,0.0,
2026-09-29T03:24:18.294745+00:00,freq,0,0,900.0,900.0,2500.0,900.0,0,,,,
2026-09-29T03:24:18.294745+00:00,freq,1,0,500.0,500.0,1200.0,500.0,0,,,,
2026-09-29T03:24:18.294745+00:00,power,0,0,,,,,,812056655993,643505534074,0.0,
2026-09-29T03:24:19.310261+00:00,freq,0,0,900.0,900.0,2500.0,900.0,0,,,,
2026-09-29T03:24:19.310261+00:00,freq,1,0,500.0,500.0,1200.0,500.0,0,,,,
2026-09-29T03:24:19.310261+00:00,power,0,0,,,,,,812056655993,643506549787,0.0,
2026-09-29T03:24:20.304755+00:00,freq,0,0,900.0,900.0,2500.0,900.0,0,,,,
2026-09-29T03:24:20.304755+00:00,freq,1,0,500.0,500.0,1200.0,500.0,0,,,,
2026-09-29T03:24:20.304755+00:00,power,0,0,,,,,,812056655993,643507544102,0.0,
2026-09-29T03:24:21.298961+00:00,freq,0,0,900.0,900.0,2500.0,900.0,0,,,,
2026-09-29T03:24:21.298961+00:00,freq,1,0,500.0,500.0,1200.0,500.0,0,,,,
2026-09-29T03:24:21.298961+00:00,power,0,0,,,,,,812056657664,643508538369,0.001680635080918908,
2026-09-29T03:24:22.295375+00:00,freq,0,0,900.0,900.0,2500.0,900.0,0,,,,
2026-09-29T03:24:22.295375+00:00,freq,1,0,500.0,500.0,1200.0,500.0,0,,,,
2026-09-29T03:24:22.295375+00:00,power,0,0,,,,,,812056657664,643509534730,0.0,
2026-09-29T03:24:23.300273+00:00,freq,0,0,900.0,900.0,2500.0,900.0,0,,,,
2026-09-29T03:24:23.300273+00:00,freq,1,0,500.0,500.0,1200.0,500.0,0,,,,
2026-09-29T03:24:23.300273+00:00,power,0,0,,,,,,812056657664,643510539587,0.0,
2026-09-29T03:24:24.302040+00:00,freq,0,0,900.0,900.0,2500.0,900.0,0,,,,
2026-09-29T03:24:24.302040+00:00,freq,1,0,500.0,500.0,1200.0,500.0,0,,,,
2026-09-29T03:24:24.302040+00:00,power,0,0,,,,,,812056657664,643511541223,0.0,
2026-09-29T03:24:25.303081+00:00,freq,0,0,900.0,900.0,2500.0,900.0,0,,,,
2026-09-29T03:24:25.303081+00:00,freq,1,0,500.0,500.0,1200.0,500.0,0,,,,
2026-09-29T03:24:25.303081+00:00,power,0,0,,,,,,812056657664,643512542329,0.0,
2026-09-29T03:24:26.306401+00:00,freq,0,0,900.0,900.0,2500.0,900.0,0,,,,
2026-09-29T03:24:26.306401+00:00,freq,1,0,500.0,500.0,1200.0,500.0,0,,,,
2026-09-29T03:24:26.306401+00:00,power,0,0,,,,,,812056657664,643513546078,0.0,
2026-09-29T03:24:27.300252+00:00,freq,0,0,900.0,900.0,2500.0,900.0,0,,,,
2026-09-29T03:24:27.300252+00:00,freq,1,0,500.0,500.0,1200.0,500.0,0,,,,
2026-09-29T03:24:27.300252+00:00,power,0,0,,,,,,812056657664,643514539523,0.0,
2026-09-29T03:24:28.290098+00:00,freq,0,0,900.0,900.0,2500.0,900.0,0,,,,
2026-09-29T03:24:28.290098+00:00,freq,1,0,500.0,500.0,1200.0,500.0,0,,,,
2026-09-29T03:24:28.290098+00:00,power,0,0,,,,,,812056658945,643515529195,0.001294368235132448,
2026-09-29T03:24:29.303048+00:00,freq,0,0,900.0,900.0,2500.0,900.0,0,,,,
2026-09-29T03:24:29.303048+00:00,freq,1,0,500.0,500.0,1200.0,500.0,0,,,,
2026-09-29T03:24:29.303048+00:00,power,0,0,,,,,,812056659250,643516542278,0.0003010612161096376,
2026-09-29T03:24:30.296832+00:00,freq,0,0,900.0,900.0,2500.0,900.0,0,,,,
2026-09-29T03:24:30.296832+00:00,freq,1,0,500.0,500.0,1200.0,500.0,0,,,,
2026-09-29T03:24:30.296832+00:00,power,0,0,,,,,,812056659250,643517535856,0.0,
2026-09-29T03:24:31.298027+00:00,freq,0,0,900.0,900.0,2500.0,900.0,0,,,,
2026-09-29T03:24:31.298027+00:00,freq,1,0,500.0,500.0,1200.0,500.0,0,,,,
2026-09-29T03:24:31.298027+00:00,power,0,0,,,,,,812056659250,643518537075,0.0,
2026-09-29T03:24:32.285517+00:00,freq,0,0,900.0,900.0,2500.0,900.0,0,,,,
2026-09-29T03:24:32.285517+00:00,freq,1,0,500.0,500.0,1200.0,500.0,0,,,,
2026-09-29T03:24:32.285517+00:00,power,0,0,,,,,,812056661043,643519524573,0.001815699879898491,
2026-09-29T03:24:33.287713+00:00,freq,0,0,900.0,900.0,2500.0,900.0,0,,,,
2026-09-29T03:24:33.287713+00:00,freq,1,0,500.0,500.0,1200.0,500.0,0,,,,
2026-09-29T03:24:33.287713+00:00,power,0,0,,,,,,812056661043,643520526783,0.0,
2026-09-29T03:24:34.289382+00:00,freq,0,0,900.0,900.0,2500.0,900.0,0,,,,
2026-09-29T03:24:34.289382+00:00,freq,1,0,500.0,500.0,1200.0,500.0,0,,,,
2026-09-29T03:24:34.289382+00:00,power,0,0,,,,,,812056661287,643521528533,0.00024357374594459697,
2026-09-29T03:24:35.295609+00:00,freq,0,0,900.0,900.0,2500.0,900.0,0,,,,
2026-09-29T03:24:35.295609+00:00,freq,1,0,500.0,500.0,1200.0,500.0,0,,,,
2026-09-29T03:24:35.295609+00:00,power,0,0,,,,,,812056661287,643522534732,0.0,
2026-09-29T03:24:36.297499+00:00,freq,0,0,900.0,900.0,2500.0,900.0,0,,,,
2026-09-29T03:24:36.297499+00:00,freq,1,0,500.0,500.0,1200.0,500.0,0,,,,
2026-09-29T03:24:36.297499+00:00,power,0,0,,,,,,812056661287,643523536485,0.0,
2026-09-29T03:24:37.294621+00:00,freq,0,0,2500.0,4250.0,2500.0,900.0,0,,,,
2026-09-29T03:24:37.294621+00:00,freq,1,0,500.0,500.0,1200.0,500.0,0,,,,
2026-09-29T03:24:37.294621+00:00,power,0,0,,,,,,812056668367,643524533595,0.007100520504257303,
2026-09-29T03:24:38.299721+00:00,freq,0,0,2500.0,4250.0,2500.0,900.0,0,,,,
2026-09-29T03:24:38.299721+00:00,freq,1,0,500.0,500.0,1200.0,500.0,0,,,,
2026-09-29T03:24:38.299721+00:00,power,0,0,,,,,,812061235651,643525538620,4.544448148056018,
2026-09-29T03:24:39.288481+00:00,freq,0,0,2500.0,4250.0,2500.0,900.0,0,,,,
2026-09-29T03:24:39.288481+00:00,freq,1,0,500.0,500.0,1200.0,500.0,0,,,,
2026-09-29T03:24:39.288481+00:00,power,0,0,,,,,,812065776117,643526527387,4.592048480582382,
2026-09-29T03:24:40.288778+00:00,freq,0,0,2500.0,4250.0,2500.0,900.0,0,,,,
2026-09-29T03:24:40.288778+00:00,freq,1,0,500.0,500.0,1200.0,500.0,0,,,,
2026-09-29T03:24:40.288778+00:00,power,0,0,,,,,,812068197038,643527528125,2.419135677869732,
2026-09-29T03:24:41.292028+00:00,freq,0,0,1300.0,1300.0,2500.0,900.0,0,,,,
2026-09-29T03:24:41.292028+00:00,freq,1,0,500.0,500.0,1200.0,500.0,0,,,,
2026-09-29T03:24:41.292028+00:00,power,0,0,,,,,,812068198892,643528530996,0.0018486924041078065,
2026-09-29T03:24:42.293574+00:00,freq,0,0,1300.0,1300.0,2500.0,900.0,0,,,,
2026-09-29T03:24:42.293574+00:00,freq,1,0,500.0,500.0,1200.0,500.0,0,,,,
2026-09-29T03:24:42.293574+00:00,power,0,0,,,,,,812068198892,643529532651,0.0,
2026-09-29T03:24:43.308317+00:00,freq,0,0,1300.0,1300.0,2500.0,900.0,0,,,,
2026-09-29T03:24:43.308317+00:00,freq,1,0,500.0,500.0,1200.0,500.0,0,,,,
2026-09-29T03:24:43.308317+00:00,power,0,0,,,,,,812068198892,643530547171,0.0,
2026-09-29T03:24:44.295823+00:00,freq,0,0,1300.0,1300.0,2500.0,900.0,0,,,,
2026-09-29T03:24:44.295823+00:00,freq,1,0,500.0,500.0,1200.0,500.0,0,,,,
2026-09-29T03:24:44.295823+00:00,power,0,0,,,,,,812068198892,643531534744,0.0,
2026-09-29T03:24:45.300352+00:00,freq,0,0,1300.0,1300.0,2500.0,900.0,0,,,,
2026-09-29T03:24:45.300352+00:00,freq,1,0,500.0,500.0,1200.0,500.0,0,,,,
2026-09-29T03:24:45.300352+00:00,power,0,0,,,,,,812068198892,643532539330,0.0,
2026-09-29T03:24:46.287186+00:00,freq,0,0,1300.0,1300.0,2500.0,900.0,0,,,,
2026-09-29T03:24:46.287186+00:00,freq,1,0,500.0,500.0,1200.0,500.0,0,,,,
2026-09-29T03:24:46.287186+00:00,power,0,0,,,,,,812068198892,643533526105,0.0,
2026-09-29T03:24:47.289248+00:00,freq,0,0,1300.0,1300.0,2500.0,900.0,0,,,,
2026-09-29T03:24:47.289248+00:00,freq,1,0,500.0,500.0,1200.0,500.0,0,,,,
2026-09-29T03:24:47.289248+00:00,power,0,0,,,,,,812068198892,643534528102,0.0,
2026-09-29T03:24:48.296186+00:00,freq,0,0,1300.0,1300.0,2500.0,900.0,0,,,,
2026-09-29T03:24:48.296186+00:00,freq,1,0,500.0,500.0,1200.0,500.0,0,,,,
2026-09-29T03:24:48.296186+00:00,power,0,0,,,,,,812068198892,643535535147,0.0,
2026-09-29T03:24:49.299813+00:00,freq,0,0,1300.0,1300.0,2500.0,900.0,0,,,,
2026-09-29T03:24:49.299813+00:00,freq,1,0,500.0,500.0,1200.0,500.0,0,,,,
2026-09-29T03:24:49.299813+00:00,power,0,0,,,,,,812068199441,643536538577,0.0005471233668516987,
2026-09-29T03:24:50.287685+00:00,freq,0,0,1300.0,1300.0,2500.0,900.0,0,,,,
2026-09-29T03:24:50.287685+00:00,freq,1,0,500.0,500.0,1200.0,500.0,0,,,,
2026-09-29T03:24:50.287685+00:00,power,0,0,,,,,,812068199441,643537526484,0.0,
2026-09-29T03:24:51.288633+00:00,freq,0,0,1300.0,1300.0,2500.0,900.0,0,,,,
2026-09-29T03:24:51.288633+00:00,freq,1,0,500.0,500.0,1200.0,500.0,0,,,,
2026-09-29T03:24:51.288633+00:00,power,0,0,,,,,,812068200685,643538527289,0.0012429993854946768,
2026-09-29T03:24:52.292876+00:00,freq,0,0,1300.0,1300.0,2500.0,900.0,0,,,,
2026-09-29T03:24:52.292876+00:00,freq,1,0,500.0,500.0,1200.0,500.0,0,,,,
2026-09-29T03:24:52.292876+00:00,power,0,0,,,,,,812068200685,643539531606,0.0,
2026-09-29T03:24:53.293921+00:00,freq,0,0,1300.0,1300.0,2500.0,900.0,0,,,,
2026-09-29T03:24:53.293921+00:00,freq,1,0,500.0,500.0,1200.0,500.0,0,,,,
2026-09-29T03:24:53.293921+00:00,power,0,0,,,,,,812068200685,643540532576,0.0,
2026-09-29T03:24:54.298036+00:00,freq,0,0,1300.0,1300.0,2500.0,900.0,0,,,,
2026-09-29T03:24:54.298036+00:00,freq,1,0,500.0,500.0,1200.0,500.0,0,,,,
2026-09-29T03:24:54.298036+00:00,power,0,0,,,,,,812068200685,643541536700,0.0,
2026-09-29T03:24:55.292112+00:00,freq,0,0,1300.0,1300.0,2500.0,900.0,0,,,,
2026-09-29T03:24:55.292112+00:00,freq,1,0,500.0,500.0,1200.0,500.0,0,,,,
2026-09-29T03:24:55.292112+00:00,power,0,0,,,,,,812068200685,643542530746,0.0,
2026-09-29T03:24:56.305897+00:00,freq,0,0,1300.0,1300.0,2500.0,900.0,0,,,,
2026-09-29T03:24:56.305897+00:00,freq,1,0,500.0,500.0,1200.0,500.0,0,,,,
2026-09-29T03:24:56.305897+00:00,power,0,0,,,,,,812068200685,643543544442,0.0,
2026-09-29T03:24:57.293215+00:00,freq,0,0,1300.0,1300.0,2500.0,900.0,0,,,,
2026-09-29T03:24:57.293215+00:00,freq,1,0,500.0,500.0,1200.0,500.0,0,,,,
2026-09-29T03:24:57.293215+00:00,power,0,0,,,,,,812068200685,643544531823,0.0,
2026-09-29T03:24:58.305286+00:00,freq,0,0,1300.0,1300.0,2500.0,900.0,0,,,,
2026-09-29T03:24:58.305286+00:00,freq,1,0,500.0,500.0,1200.0,500.0,0,,,,
2026-09-29T03:24:58.305286+00:00,power,0,0,,,,,,812068200685,643545543771,0.0,
2026-09-29T03:24:59.304231+00:00,freq,0,0,1300.0,1300.0,2500.0,900.0,0,,,,
2026-09-29T03:24:59.304231+00:00,freq,1,0,500.0,500.0,1200.0,500.0,0,,,,
2026-09-29T03:24:59.304231+00:00,power,0,0,,,,,,812068200685,643546542727,0.0,
2026-09-29T03:25:00.293957+00:00,freq,0,0,1300.0,1300.0,2500.0,900.0,0,,,,
2026-09-29T03:25:00.293957+00:00,freq,1,0,500.0,500.0,1200.0,500.0,0,,,,
2026-09-29T03:25:00.293957+00:00,power,0,0,,,,,,812068200685,643547532481,0.0,
2026-09-29T03:25:01.298694+00:00,freq,0,0,1300.0,1300.0,2500.0,900.0,0,,,,
2026-09-29T03:25:01.298694+00:00,freq,1,0,500.0,500.0,1200.0,500.0,0,,,,
2026-09-29T03:25:01.298694+00:00,power,0,0,,,,,,812068200685,643548537180,0.0,
2026-09-29T03:25:02.284045+00:00,freq,0,0,1300.0,1300.0,2500.0,900.0,0,,,,
2026-09-29T03:25:02.284045+00:00,freq,1,0,500.0,500.0,1200.0,500.0,0,,,,
2026-09-29T03:25:02.284045+00:00,power,0,0,,,,,,812068200685,643549522846,0.0,
2026-09-29T03:25:03.297877+00:00,freq,0,0,1300.0,1300.0,2500.0,900.0,0,,,,
2026-09-29T03:25:03.297877+00:00,freq,1,0,500.0,500.0,1200.0,500.0,0,,,,
2026-09-29T03:25:03.297877+00:00,power,0,0,,,,,,812068200929,643550536491,0.00024071543785052953,
2026-09-29T03:25:04.299812+00:00,freq,0,0,2400.0,4250.0,2400.0,900.0,2,,,,
2026-09-29T03:25:04.299812+00:00,freq,1,0,500.0,500.0,1200.0,500.0,0,,,,
2026-09-29T03:25:04.299812+00:00,power,0,0,,,,,,812073881104,643551538026,5.671469294632739,
2026-09-29T03:25:05.298339+00:00,freq,0,0,2500.0,4250.0,2500.0,900.0,0,,,,
2026-09-29T03:25:05.298339+00:00,freq,1,0,500.0,500.0,1200.0,550.0,0,,,,
2026-09-29T03:25:05.298339+00:00,power,0,0,,,,,,812099609436,643552536607,25.76489238229047,
2026-09-29T03:25:06.286949+00:00,freq,0,0,2500.0,4250.0,2500.0,900.0,0,,,,
2026-09-29T03:25:06.286949+00:00,freq,1,0,500.0,500.0,1200.0,550.0,0,,,,
2026-09-29T03:25:06.286949+00:00,power,0,0,,,,,,812122683067,643553525087,23.34253702654581,
2026-09-29T03:25:07.292677+00:00,freq,0,0,2500.0,4250.0,2500.0,900.0,0,,,,
2026-09-29T03:25:07.292677+00:00,freq,1,0,550.0,550.0,1200.0,550.0,0,,,,
2026-09-29T03:25:07.292677+00:00,power,0,0,,,,,,812146119796,643554530788,23.303873616512263,
2026-09-29T03:25:08.297069+00:00,freq,0,0,2500.0,4250.0,2500.0,900.0,0,,,,
2026-09-29T03:25:08.297069+00:00,freq,1,0,550.0,550.0,1200.0,550.0,0,,,,
2026-09-29T03:25:08.297069+00:00,power,0,0,,,,,,812169436263,643555535324,23.211181082609283,
2026-09-29T03:25:09.302163+00:00,freq,0,0,2500.0,4250.0,2500.0,900.0,0,,,,
2026-09-29T03:25:09.302163+00:00,freq,1,0,550.0,550.0,1200.0,550.0,0,,,,
2026-09-29T03:25:09.302163+00:00,power,0,0,,,,,,812193028022,643556540398,23.47265872960598,
2026-09-29T03:25:10.287971+00:00,freq,0,0,2500.0,4250.0,2500.0,900.0,0,,,,
2026-09-29T03:25:10.287971+00:00,freq,1,0,550.0,550.0,1200.0,550.0,0,,,,
2026-09-29T03:25:10.287971+00:00,power,0,0,,,,,,812216166717,643557526402,23.46714110693263,
2026-09-29T03:25:11.289311+00:00,freq,0,0,1850.0,1850.0,2500.0,900.0,0,,,,
2026-09-29T03:25:11.289311+00:00,freq,1,0,550.0,550.0,1200.0,500.0,0,,,,
2026-09-29T03:25:11.289311+00:00,power,0,0,,,,,,812221294402,643558527586,5.1216210007351295,
2026-09-29T03:25:12.291015+00:00,freq,0,0,1850.0,1850.0,2500.0,900.0,0,,,,
2026-09-29T03:25:12.291015+00:00,freq,1,0,500.0,500.0,1200.0,550.0,0,,,,
2026-09-29T03:25:12.291015+00:00,power,0,0,,,,,,812221294402,643559529076,0.0,
2026-09-29T03:25:13.293056+00:00,freq,0,0,1850.0,1850.0,2500.0,900.0,0,,,,
2026-09-29T03:25:13.293056+00:00,freq,1,0,550.0,550.0,1200.0,500.0,0,,,,
2026-09-29T03:25:13.293056+00:00,power,0,0,,,,,,812221294402,643560531138,0.0,
2026-09-29T03:25:14.298126+00:00,freq,0,0,1850.0,1850.0,2500.0,900.0,0,,,,
2026-09-29T03:25:14.298126+00:00,freq,1,0,500.0,500.0,1200.0,550.0,0,,,,
2026-09-29T03:25:14.298126+00:00,power,0,0,,,,,,812221294463,643561536216,6.0691807004033516e-05,
2026-09-29T03:25:15.286502+00:00,freq,0,0,1850.0,1850.0,2500.0,900.0,0,,,,
2026-09-29T03:25:15.286502+00:00,freq,1,0,550.0,550.0,1200.0,500.0,0,,,,
2026-09-29T03:25:15.286502+00:00,power,0,0,,,,,,812221294463,643562524692,0.0,
2026-09-29T03:25:16.292473+00:00,freq,0,0,1850.0,1850.0,2500.0,900.0,0,,,,
2026-09-29T03:25:16.292473+00:00,freq,1,0,500.0,500.0,1200.0,550.0,0,,,,
2026-09-29T03:25:16.292473+00:00,power,0,0,,,,,,812221294463,643563530702,0.0,
2026-09-29T03:25:17.295462+00:00,freq,0,0,1850.0,1850.0,2500.0,900.0,0,,,,
2026-09-29T03:25:17.295462+00:00,freq,1,0,500.0,500.0,1200.0,550.0,0,,,,
2026-09-29T03:25:17.295462+00:00,power,0,0,,,,,,812221295646,643564533680,0.0011794874862659,
2026-09-29T03:25:18.299350+00:00,freq,0,0,1850.0,1850.0,2500.0,900.0,0,,,,
2026-09-29T03:25:18.299350+00:00,freq,1,0,550.0,550.0,1200.0,500.0,0,,,,
2026-09-29T03:25:18.299350+00:00,power,0,0,,,,,,812221295646,643565537481,0.0,
2026-09-29T03:25:19.285794+00:00,freq,0,0,1850.0,1850.0,2500.0,900.0,0,,,,
2026-09-29T03:25:19.285794+00:00,freq,1,0,500.0,500.0,1200.0,500.0,0,,,,
2026-09-29T03:25:19.285794+00:00,power,0,0,,,,,,812221295646,643566523957,0.0,
2026-09-29T03:25:20.288356+00:00,freq,0,0,1850.0,1850.0,2500.0,900.0,0,,,,
2026-09-29T03:25:20.288356+00:00,freq,1,0,500.0,500.0,1200.0,500.0,0,,,,
2026-09-29T03:25:20.288356+00:00,power,0,0,,,,,,812221295646,643567526384,0.0,
2026-09-29T03:25:21.294285+00:00,freq,0,0,1850.0,1850.0,2500.0,900.0,0,,,,
2026-09-29T03:25:21.294285+00:00,freq,1,0,500.0,500.0,1200.0,500.0,0,,,,
2026-09-29T03:25:21.294285+00:00,power,0,0,,,,,,812221295768,643568532340,0.00012127767019631077,
2026-09-29T03:25:22.297159+00:00,freq,0,0,1850.0,1850.0,2500.0,900.0,0,,,,
2026-09-29T03:25:22.297159+00:00,freq,1,0,500.0,500.0,1200.0,500.0,0,,,,
2026-09-29T03:25:22.297159+00:00,power,0,0,,,,,,812221295768,643569535155,0.0,
2026-09-29T03:25:23.301612+00:00,freq,0,0,1850.0,1850.0,2500.0,900.0,0,,,,
2026-09-29T03:25:23.301612+00:00,freq,1,0,500.0,500.0,1200.0,550.0,0,,,,
2026-09-29T03:25:23.301612+00:00,power,0,0,,,,,,812221295768,643570539504,0.0,
2026-09-29T03:25:24.301334+00:00,freq,0,0,1850.0,1850.0,2500.0,900.0,0,,,,
2026-09-29T03:25:24.301334+00:00,freq,1,0,550.0,550.0,1200.0,500.0,0,,,,
2026-09-29T03:25:24.301334+00:00,power,0,0,,,,,,812221296195,643571539285,0.000427093533483833,
2026-09-29T03:25:25.288586+00:00,freq,0,0,1850.0,1850.0,2500.0,900.0,0,,,,
2026-09-29T03:25:25.288586+00:00,freq,1,0,500.0,500.0,1200.0,500.0,0,,,,
2026-09-29T03:25:25.288586+00:00,power,0,0,,,,,,812221296195,643572526563,0.0,
2026-09-29T03:25:26.291537+00:00,freq,0,0,1850.0,1850.0,2500.0,900.0,0,,,,
2026-09-29T03:25:26.291537+00:00,freq,1,0,500.0,500.0,1200.0,500.0,0,,,,
2026-09-29T03:25:26.291537+00:00,power,0,0,,,,,,812221296195,643573529492,0.0,
2026-09-29T03:25:27.300180+00:00,freq,0,0,1850.0,1850.0,2500.0,900.0,0,,,,
2026-09-29T03:25:27.300180+00:00,freq,1,0,500.0,500.0,1200.0,550.0,0,,,,
2026-09-29T03:25:27.300180+00:00,power,0,0,,,,,,812221296195,643574537939,0.0,
2026-09-29T03:25:28.287964+00:00,freq,0,0,1850.0,1850.0,2500.0,900.0,0,,,,
2026-09-29T03:25:28.287964+00:00,freq,1,0,550.0,550.0,1200.0,500.0,0,,,,
2026-09-29T03:25:28.287964+00:00,power,0,0,,,,,,812221296195,643575525838,0.0,
2026-09-29T03:25:29.292768+00:00,freq,0,0,1850.0,1850.0,2500.0,900.0,0,,,,
2026-09-29T03:25:29.292768+00:00,freq,1,0,500.0,500.0,1200.0,500.0,0,,,,
2026-09-29T03:25:29.292768+00:00,power,0,0,,,,,,812221296195,643576530651,0.0,
2026-09-29T03:25:30.297747+00:00,freq,0,0,1850.0,1850.0,2500.0,900.0,0,,,,
2026-09-29T03:25:30.297747+00:00,freq,1,0,550.0,550.0,1200.0,500.0,0,,,,
2026-09-29T03:25:30.297747+00:00,power,0,0,,,,,,812221296195,643577535573,0.0,
2026-09-29T03:25:31.301151+00:00,freq,0,0,1850.0,1850.0,2500.0,900.0,0,,,,
2026-09-29T03:25:31.301151+00:00,freq,1,0,500.0,500.0,1200.0,550.0,0,,,,
2026-09-29T03:25:31.301151+00:00,power,0,0,,,,,,812221296195,643578538994,0.0,
2026-09-29T03:25:32.289212+00:00,freq,0,0,2500.0,4250.0,2500.0,900.0,0,,,,
2026-09-29T03:25:32.289212+00:00,freq,1,0,550.0,550.0,1200.0,550.0,0,,,,
2026-09-29T03:25:32.289212+00:00,power,0,0,,,,,,812229405203,643579526816,8.208976920943247,
2026-09-29T03:25:33.291232+00:00,freq,0,0,2500.0,4250.0,2500.0,900.0,0,,,,
2026-09-29T03:25:33.291232+00:00,freq,1,0,550.0,550.0,1200.0,550.0,0,,,,
2026-09-29T03:25:33.291232+00:00,power,0,0,,,,,,812254374319,643580529030,24.913956500308316,
2026-09-29T03:25:34.305055+00:00,freq,0,0,2500.0,4250.0,2500.0,900.0,0,,,,
2026-09-29T03:25:34.305055+00:00,freq,1,0,550.0,550.0,1200.0,550.0,0,,,,
2026-09-29T03:25:34.305055+00:00,power,0,0,,,,,,812277952711,643581542663,23.261271091213487,
2026-09-29T03:25:35.293387+00:00,freq,0,0,2500.0,4250.0,2500.0,900.0,0,,,,
2026-09-29T03:25:35.293387+00:00,freq,1,0,550.0,550.0,1200.0,550.0,0,,,,
2026-09-29T03:25:35.293387+00:00,power,0,0,,,,,,812301132666,643582531009,23.453279519520493,
2026-09-29T03:25:36.299915+00:00,freq,0,0,2500.0,4250.0,2500.0,900.0,0,,,,
2026-09-29T03:25:36.299915+00:00,freq,1,0,550.0,550.0,1200.0,550.0,0,,,,
2026-09-29T03:25:36.299915+00:00,power,0,0,,,,,,812324792944,643583537512,23.507409317210183,
2026-09-29T03:25:37.288733+00:00,freq,0,0,2500.0,4250.0,2500.0,900.0,0,,,,
2026-09-29T03:25:37.288733+00:00,freq,1,0,550.0,550.0,1200.0,550.0,0,,,,
2026-09-29T03:25:37.288733+00:00,power,0,0,,,,,,812348039915,643584526214,23.51261654168799,
2026-09-29T03:25:38.292258+00:00,freq,0,0,2500.0,4250.0,2500.0,900.0,0,,,,
2026-09-29T03:25:38.292258+00:00,freq,1,0,550.0,550.0,1200.0,550.0,0,,,,
2026-09-29T03:25:38.292258+00:00,power,0,0,,,,,,812371645017,643585529857,23.519420750206997,
2026-09-29T03:25:39.298321+00:00,freq,0,0,2500.0,4250.0,2500.0,900.0,0,,,,
2026-09-29T03:25:39.298321+00:00,freq,1,0,550.0,550.0,1200.0,550.0,0,,,,
2026-09-29T03:25:39.298321+00:00,power,0,0,,,,,,812374713132,643586536023,3.049312936433948,
2026-09-29T03:25:40.299097+00:00,freq,0,0,2500.0,4250.0,2500.0,900.0,0,,,,
2026-09-29T03:25:40.299097+00:00,freq,1,0,550.0,550.0,1200.0,550.0,0,,,,
2026-09-29T03:25:40.299097+00:00,power,0,0,,,,,,812374716878,643587536754,0.00374326367425412,
2026-09-29T03:25:41.299807+00:00,freq,0,0,1200.0,1200.0,2500.0,900.0,0,,,,
2026-09-29T03:25:41.299807+00:00,freq,1,0,550.0,550.0,1200.0,550.0,0,,,,
2026-09-29T03:25:41.299807+00:00,power,0,0,,,,,,812374716878,643588537209,0.0,
2026-09-29T03:25:42.299363+00:00,freq,0,0,1200.0,1200.0,2500.0,900.0,0,,,,
2026-09-29T03:25:42.299363+00:00,freq,1,0,550.0,550.0,1200.0,550.0,0,,,,
2026-09-29T03:25:42.299363+00:00,power,0,0,,,,,,812374716878,643589536760,0.0,
2026-09-29T03:25:43.284953+00:00,freq,0,0,2500.0,4250.0,2500.0,900.0,0,,,,
2026-09-29T03:25:43.284953+00:00,freq,1,0,550.0,550.0,1200.0,550.0,0,,,,
2026-09-29T03:25:43.284953+00:00,power,0,0,,,,,,812375301862,643590522261,0.5935904681984088,
2026-09-29T03:25:44.286321+00:00,freq,0,0,2500.0,4250.0,2500.0,900.0,0,,,,
2026-09-29T03:25:44.286321+00:00,freq,1,0,550.0,550.0,1200.0,550.0,0,,,,
2026-09-29T03:25:44.286321+00:00,power,0,0,,,,,,812380553937,643591523725,5.244397202495547,
2026-09-29T03:25:45.288462+00:00,freq,0,0,2500.0,4250.0,2500.0,900.0,0,,,,
2026-09-29T03:25:45.288462+00:00,freq,1,0,550.0,550.0,1200.0,550.0,0,,,,
2026-09-29T03:25:45.288462+00:00,power,0,0,,,,,,812380553937,643592525877,0.0,
2026-09-29T03:25:46.292046+00:00,freq,0,0,2500.0,4250.0,2500.0,900.0,0,,,,
2026-09-29T03:25:46.292046+00:00,freq,1,0,550.0,550.0,1200.0,550.0,0,,,,
2026-09-29T03:25:46.292046+00:00,power,0,0,,,,,,812380553937,643593529476,0.0,
2026-09-29T03:25:47.297925+00:00,freq,0,0,2500.0,4250.0,2500.0,900.0,0,,,,
2026-09-29T03:25:47.297925+00:00,freq,1,0,550.0,550.0,1200.0,550.0,0,,,,
2026-09-29T03:25:47.297925+00:00,power,0,0,,,,,,812380553937,643594535472,0.0,
2026-09-29T03:25:48.313011+00:00,freq,0,0,2500.0,4250.0,2500.0,900.0,0,,,,
2026-09-29T03:25:48.313011+00:00,freq,1,0,550.0,550.0,1200.0,550.0,0,,,,
2026-09-29T03:25:48.313011+00:00,power,0,0,,,,,,812380553937,643595550395,0.0,
2026-09-29T03:25:49.311498+00:00,freq,0,0,2500.0,4250.0,2500.0,900.0,0,,,,
2026-09-29T03:25:49.311498+00:00,freq,1,0,550.0,550.0,1200.0,550.0,0,,,,
2026-09-29T03:25:49.311498+00:00,power,0,0,,,,,,812380553937,643596548912,0.0,
2026-09-29T03:25:50.296793+00:00,freq,0,0,2500.0,4250.0,2500.0,900.0,0,,,,
2026-09-29T03:25:50.296793+00:00,freq,1,0,550.0,550.0,1200.0,550.0,0,,,,
2026-09-29T03:25:50.296793+00:00,power,0,0,,,,,,812380553937,643597534585,0.0,
2026-09-29T03:25:51.301183+00:00,freq,0,0,2500.0,4250.0,2500.0,900.0,0,,,,
2026-09-29T03:25:51.301183+00:00,freq,1,0,550.0,550.0,1200.0,550.0,0,,,,
2026-09-29T03:25:51.301183+00:00,power,0,0,,,,,,812380553937,643598538495,0.0,
2026-09-29T03:25:52.293251+00:00,freq,0,0,2500.0,4250.0,2500.0,900.0,0,,,,
2026-09-29T03:25:52.293251+00:00,freq,1,0,550.0,550.0,1200.0,550.0,0,,,,
2026-09-29T03:25:52.293251+00:00,power,0,0,,,,,,812380553937,643599530567,0.0,
2026-09-29T03:25:53.309369+00:00,freq,0,0,2500.0,4250.0,2500.0,900.0,0,,,,
2026-09-29T03:25:53.309369+00:00,freq,1,0,550.0,550.0,1200.0,550.0,0,,,,
2026-09-29T03:25:53.309369+00:00,power,0,0,,,,,,812380553937,643600546665,0.0,
2026-09-29T03:25:54.297592+00:00,freq,0,0,2500.0,4250.0,2500.0,900.0,0,,,,
2026-09-29T03:25:54.297592+00:00,freq,1,0,550.0,550.0,1200.0,550.0,0,,,,
2026-09-29T03:25:54.297592+00:00,power,0,0,,,,,,812380553937,643601534934,0.0,
2026-09-29T03:25:55.298378+00:00,freq,0,0,2500.0,4250.0,2500.0,900.0,0,,,,
2026-09-29T03:25:55.298378+00:00,freq,1,0,550.0,550.0,1200.0,550.0,0,,,,
2026-09-29T03:25:55.298378+00:00,power,0,0,,,,,,812380553937,643602535562,0.0,
2026-09-29T03:25:56.301322+00:00,freq,0,0,2500.0,4250.0,2500.0,900.0,0,,,,
2026-09-29T03:25:56.301322+00:00,freq,1,0,550.0,550.0,1200.0,550.0,0,,,,
2026-09-29T03:25:56.301322+00:00,power,0,0,,,,,,812380553937,643603538636,0.0,
2026-09-29T03:25:57.300238+00:00,freq,0,0,2500.0,4250.0,2500.0,900.0,0,,,,
2026-09-29T03:25:57.300238+00:00,freq,1,0,550.0,550.0,1200.0,550.0,0,,,,
2026-09-29T03:25:57.300238+00:00,power,0,0,,,,,,812380554120,643604537436,0.00018321986383660393,
2026-09-29T03:25:58.287688+00:00,freq,0,0,2500.0,4250.0,2500.0,900.0,0,,,,
2026-09-29T03:25:58.287688+00:00,freq,1,0,550.0,550.0,1200.0,550.0,0,,,,
2026-09-29T03:25:58.287688+00:00,power,0,0,,,,,,812380554120,643605524898,0.0,
2026-09-29T03:25:59.293353+00:00,freq,0,0,2500.0,4250.0,2500.0,900.0,0,,,,
2026-09-29T03:25:59.293353+00:00,freq,1,0,550.0,550.0,1200.0,550.0,0,,,,
2026-09-29T03:25:59.293353+00:00,power,0,0,,,,,,812380554120,643606530541,0.0,
2026-09-29T03:26:00.298528+00:00,freq,0,0,2500.0,4250.0,2500.0,900.0,0,,,,
2026-09-29T03:26:00.298528+00:00,freq,1,0,550.0,550.0,1200.0,550.0,0,,,,
2026-09-29T03:26:00.298528+00:00,power,0,0,,,,,,812380554120,643607535738,0.0,
2026-09-29T03:26:01.305222+00:00,freq,0,0,2500.0,4250.0,2500.0,900.0,0,,,,
2026-09-29T03:26:01.305222+00:00,freq,1,0,550.0,550.0,1200.0,550.0,0,,,,
2026-09-29T03:26:01.305222+00:00,power,0,0,,,,,,812380554486,643608542382,0.0003635843456077819,
2026-09-29T03:26:02.304779+00:00,freq,0,0,2500.0,4250.0,2500.0,900.0,0,,,,
2026-09-29T03:26:02.304779+00:00,freq,1,0,550.0,550.0,1200.0,550.0,0,,,,
2026-09-29T03:26:02.304779+00:00,power,0,0,,,,,,812380554486,643609541900,0.0,
2026-09-29T03:26:03.290132+00:00,freq,0,0,2500.0,4250.0,2500.0,900.0,0,,,,
2026-09-29T03:26:03.290132+00:00,freq,1,0,550.0,550.0,1200.0,550.0,0,,,,
2026-09-29T03:26:03.290132+00:00,power,0,0,,,,,,812380554486,643610527565,0.0,
2026-09-29T03:26:04.299734+00:00,freq,0,0,2500.0,4250.0,2500.0,900.0,0,,,,
2026-09-29T03:26:04.299734+00:00,freq,1,0,550.0,550.0,1200.0,550.0,0,,,,
2026-09-29T03:26:04.299734+00:00,power,0,0,,,,,,812380554486,643611536687,0.0,
